operator,n,m,match_rate,join_comparisons,select_evaluations,wall_seconds,output_tuples
join,1000,1000,0.0,1000000,0,0.24722400004975498,0
select,1000,1000,0.0,0,1000,0.00035909994039684534,1000
project,1000,1000,0.0,0,0,0.0004561999812722206,1000
join,2000,2000,0.0,4000000,0,1.0373760999646038,0
select,2000,2000,0.0,0,2000,0.0012312999460846186,2000
project,2000,2000,0.0,0,0,0.003616600064560771,2000
join,4000,4000,0.0,16000000,0,4.259033799986355,0
select,4000,4000,0.0,0,4000,0.0011118999682366848,4000
project,4000,4000,0.0,0,0,0.0017781000351533294,4000
join,8000,8000,0.0,64000000,0,23.146783499978483,0
select,8000,8000,0.0,0,8000,0.002960899961180985,8000
project,8000,8000,0.0,0,0,0.007064000004902482,8000
join,16000,16000,0.0,256000000,0,75.31730200001039,0
select,16000,16000,0.0,0,16000,0.005444299895316362,16000
project,16000,16000,0.0,0,0,0.009720999980345368,16000
join,32000,32000,0.0,1024000000,0,1030.9198553999886,0
select,32000,32000,0.0,0,32000,0.04771489999257028,32000
project,32000,32000,0.0,0,0,0.09771010000258684,32000
join,64000,64000,0.0,4096000000,0,3160.9476890000515,0
select,64000,64000,0.0,0,64000,0.021965799969621003,64000
project,64000,64000,0.0,0,0,0.05255199992097914,64000
